"","partcipantId","teamId","participantId","win","item0","item1","item2","item3","item4","item5","item6","kills","deaths","assists","largestKillingSpree","largestMultiKill","killingSprees","longestTimeSpentLiving","doubleKills","tripleKills","quadraKills","pentaKills","unrealKills","totalDamageDealt","magicDamageDealt","physicalDamageDealt","trueDamageDealt","largestCriticalStrike","totalDamageDealtToChampions","magicDamageDealtToChampions","physicalDamageDealtToChampions","trueDamageDealtToChampions","totalHeal","totalUnitsHealed","damageSelfMitigated","damageDealtToObjectives","damageDealtToTurrets","visionScore","timeCCingOthers","totalDamageTaken","magicalDamageTaken","physicalDamageTaken","trueDamageTaken","goldEarned","goldSpent","turretKills","inhibitorKills","totalMinionsKilled","neutralMinionsKilled","neutralMinionsKilledTeamJungle","neutralMinionsKilledEnemyJungle","totalTimeCrowdControlDealt","champLevel","visionWardsBoughtInGame","sightWardsBoughtInGame","wardsPlaced","wardsKilled","firstBloodKill","firstBloodAssist","firstTowerKill","firstTowerAssist","firstInhibitorKill","firstInhibitorAssist","combatPlayerScore","objectivePlayerScore","totalPlayerScore","totalScoreRank","playerScore0","playerScore1","playerScore2","playerScore3","playerScore4","playerScore5","playerScore6","playerScore7","playerScore8","playerScore9","platformId","accountId","summonerName","summonerId","currentPlatformId","currentAccountId","matchHistoryUri","profileIcon","duration"
"33477785060",1,100,1,FALSE,3117,2301,3504,2055,1029,0,3364,0,6,4,0,0,0,740,0,0,0,0,0,8651,6584,2066,0,0,4973,3826,1146,0,2940,5,5666,578,578,60,13,10954,3149,7756,48,6434,6150,1,0,5,0,0,0,29,9,4,0,30,4,FALSE,FALSE,FALSE,FALSE,FALSE,FALSE,0,0,0,0,0,0,0,0,0,0,0,0,0,0,"EUW1",205505880,"xxmeow",49079216,"EUW1",205505880,"/v1/stats/player_history/EUW1/205505880",1391,1642
"33477785061",2,100,2,FALSE,3144,2055,3158,3042,3078,1043,3363,6,5,2,2,2,2,547,1,0,0,0,0,126933,12269,114664,0,0,14752,3610,11142,0,1777,3,6971,4014,4014,6,0,12788,2552,9992,244,11704,10258,1,0,239,10,2,0,2,13,1,0,4,0,TRUE,FALSE,FALSE,FALSE,FALSE,FALSE,0,0,0,0,0,0,0,0,0,0,0,0,0,0,"EUW1",33840968,"xNoïr",30108089,"EUW1",33840968,"/v1/stats/player_history/EUW1/33840968",3019,1642
"33477785062",3,100,3,FALSE,1054,3157,3146,1052,3020,1026,3340,5,6,6,3,1,1,631,0,0,0,0,0,96174,84264,11529,380,0,13667,11887,1400,380,2116,1,9132,667,667,11,1,16029,5859,9743,426,9446,9260,0,0,154,1,1,0,9,13,1,0,10,0,FALSE,FALSE,FALSE,FALSE,FALSE,FALSE,0,0,0,0,0,0,0,0,0,0,0,0,0,0,"EUW1",22115527,"Varunaan",19396207,"EUW1",22115527,"/v1/stats/player_history/EUW1/22115527",512,1642
"33477785063",4,100,4,FALSE,1401,1031,1057,3111,3105,3076,3340,1,5,9,0,1,0,459,0,0,0,0,0,100756,72435,22447,5873,42,8186,5592,1973,620,4138,1,32898,469,469,23,37,24327,4015,20082,230,8379,7495,0,0,30,80,48,6,658,13,3,0,12,0,FALSE,FALSE,FALSE,FALSE,FALSE,FALSE,0,0,0,0,0,0,0,0,0,0,0,0,0,0,"EUW1",23050516,"Alexv4",20909666,"EUW1",23050516,"/v1/stats/player_history/EUW1/23050516",3014,1642
"33477785064",5,100,5,FALSE,1082,2033,3800,3001,3009,1026,3340,3,7,3,0,1,0,349,0,0,0,0,0,103052,99952,2797,301,0,17487,16434,751,301,3594,1,22017,172,172,16,30,27073,7695,18995,382,8804,8350,0,0,153,2,0,2,561,13,0,0,10,2,FALSE,FALSE,FALSE,FALSE,FALSE,FALSE,0,0,0,0,0,0,0,0,0,0,0,0,0,0,"EUW1",39285819,"Qrexx",36189187,"EUW1",39285819,"/v1/stats/player_history/EUW1/39285819",3020,1642
"33477785065",6,200,6,TRUE,1055,3006,3508,3031,0,0,3340,5,2,7,4,1,1,591,0,0,0,0,0,94732,0,93022,1710,589,8934,0,8834,100,2015,3,3565,8714,8714,22,7,8221,3325,4774,122,10363,8475,2,0,151,8,8,0,107,13,1,0,12,0,FALSE,FALSE,FALSE,TRUE,FALSE,TRUE,0,0,0,0,0,0,0,0,0,0,0,0,0,0,"EUW1",41808027,"Red Whale",39619524,"EUW1",41808027,"/v1/stats/player_history/EUW1/41808027",3020,1642
"33477785066",7,200,7,TRUE,1409,0,3111,3065,1057,1029,3364,5,2,15,5,1,1,1096,0,0,0,0,0,74733,54635,14409,5689,0,9554,8017,1393,144,19343,1,20659,4664,1770,35,46,25278,10930,13880,467,10157,7720,0,0,67,29,18,0,507,13,2,0,19,5,FALSE,FALSE,FALSE,TRUE,FALSE,TRUE,0,0,0,0,0,0,0,0,0,0,0,0,0,0,"EUW1",28537998,"Kazeel",24136128,"EUW1",28537998,"/v1/stats/player_history/EUW1/28537998",3014,1642
"33477785067",8,200,8,TRUE,3153,1055,3111,3046,3031,1011,3340,15,6,5,7,3,3,402,3,1,0,0,0,175179,17626,155121,2431,641,32779,2838,29326,614,567,1,21794,12974,10787,18,32,22428,11857,10043,528,14935,12000,2,0,212,15,7,7,197,15,0,0,11,1,FALSE,FALSE,TRUE,FALSE,FALSE,TRUE,0,0,0,0,0,0,0,0,0,0,0,0,0,0,"EUW1",35512027,"Mashu",31860960,"EUW1",35512027,"/v1/stats/player_history/EUW1/35512027",24,1642
"33477785068",9,200,9,TRUE,3401,2055,2045,3067,1029,3111,3364,1,4,15,0,1,0,748,0,0,0,0,0,16955,5357,6478,5119,0,4626,2880,1274,472,8944,5,22604,1312,963,49,27,20007,9207,10625,174,8358,6800,0,0,42,0,0,0,51,12,6,0,17,7,FALSE,FALSE,FALSE,FALSE,FALSE,TRUE,0,0,0,0,0,0,0,0,0,0,0,0,0,0,"EUW1",26097920,"SweepzKillz",22264023,"EUW1",26097920,"/v1/stats/player_history/EUW1/26097920",0,1642
"33477785069",10,200,10,TRUE,3152,3157,3111,1055,0,0,3340,3,1,7,2,1,1,1062,0,0,0,0,0,59162,39687,19164,310,0,12390,9535,2855,0,606,1,4589,4598,3686,18,23,10283,6382,3809,92,8826,7075,2,1,95,2,0,0,63,13,1,0,11,3,FALSE,FALSE,FALSE,TRUE,TRUE,FALSE,0,0,0,0,0,0,0,0,0,0,0,0,0,0,"EUW1",228247387,"RKS Reidoz",87978165,"EUW1",228247387,"/v1/stats/player_history/EUW1/228247387",3015,1642
"33477496620",1,100,1,FALSE,1055,3031,3508,3006,3086,1042,3340,6,6,11,2,1,2,914,0,0,0,0,0,156447,979,155467,0,608,16495,327,16168,0,4271,4,10379,10465,3717,15,8,20514,4623,15568,322,12217,9900,1,0,211,7,6,0,20,15,0,0,12,1,TRUE,FALSE,FALSE,TRUE,FALSE,FALSE,0,0,0,0,0,0,0,0,0,0,0,0,0,0,"EUW1",41808027,"Red Whale",39619524,"EUW1",41808027,"/v1/stats/player_history/EUW1/41808027",3020,1902
"33477496621",2,100,2,FALSE,3105,3222,3107,2031,3504,3047,3364,3,2,14,2,1,1,1022,0,0,0,0,0,234381,19848,7095,207437,0,7062,4553,1654,853,7043,6,15465,4665,689,30,54,18499,6230,11990,278,9927,9425,1,0,32,40,35,4,282,15,3,0,14,6,FALSE,FALSE,TRUE,FALSE,FALSE,FALSE,0,0,0,0,0,0,0,0,0,0,0,0,0,0,"EUW1",28537998,"Kazeel",24136128,"EUW1",28537998,"/v1/stats/player_history/EUW1/28537998",3014,1902
"33477496622",3,100,3,FALSE,3142,3139,3034,3117,3147,1036,3364,12,11,8,2,2,4,501,2,0,0,0,0,129251,649,126647,1954,601,25819,435,23834,1550,3946,1,16160,2270,2270,37,7,32360,11941,18946,1472,12621,13860,0,0,182,1,0,1,327,15,2,0,10,4,FALSE,FALSE,FALSE,FALSE,FALSE,FALSE,0,0,0,0,0,0,0,0,0,0,0,0,0,0,"EUW1",35512027,"Mashu",31860960,"EUW1",35512027,"/v1/stats/player_history/EUW1/35512027",24,1902
"33477496623",4,100,4,FALSE,3107,3504,2301,2055,0,3117,3364,5,4,11,2,1,2,665,0,0,0,0,0,32205,26543,4902,760,0,14594,11965,2119,510,7321,5,5564,2227,843,60,39,16672,7059,8835,777,9712,8375,0,0,23,0,0,0,233,14,9,0,22,9,FALSE,FALSE,FALSE,TRUE,FALSE,FALSE,0,0,0,0,0,0,0,0,0,0,0,0,0,0,"EUW1",26097920,"SweepzKillz",22264023,"EUW1",26097920,"/v1/stats/player_history/EUW1/26097920",0,1902
"33477496624",5,100,5,FALSE,3075,3211,3068,3047,3067,0,3364,4,3,12,4,1,1,1232,0,0,0,0,0,72984,45866,27090,28,29,7267,3825,3414,28,2324,1,26532,0,0,20,31,25916,12065,12641,1208,10032,9850,0,0,134,0,0,0,255,15,4,0,9,1,FALSE,FALSE,FALSE,FALSE,FALSE,FALSE,0,0,0,0,0,0,0,0,0,0,0,0,0,0,"EUW1",228247387,"RKS Reidoz",87978165,"EUW1",228247387,"/v1/stats/player_history/EUW1/228247387",3015,1902
"33477496625",6,200,6,TRUE,1055,3031,3006,3087,3094,3072,3340,6,4,6,4,1,1,771,0,0,0,0,0,206189,32224,173964,0,1561,24828,2934,21893,0,5138,3,8935,12384,9331,17,19,16064,3542,11197,1324,14288,13950,3,0,219,28,13,6,48,16,0,0,12,1,FALSE,FALSE,FALSE,FALSE,FALSE,TRUE,0,0,0,0,0,0,0,0,0,0,0,0,0,0,"EUW1",37522530,"Ageof",33970842,"EUW1",37522530,"/v1/stats/player_history/EUW1/37522530",3147,1902
"33477496626",7,200,7,TRUE,3111,3190,0,3109,3075,1401,3364,4,5,12,3,1,1,815,0,0,0,0,0,164492,45193,109940,9358,29,12600,3157,8124,1318,10633,1,35548,6553,1206,15,23,28436,4809,23205,421,12973,11625,1,1,29,135,81,0,769,16,3,0,7,2,FALSE,FALSE,FALSE,FALSE,TRUE,FALSE,0,0,0,0,0,0,0,0,0,0,0,0,0,0,"EUW1",34339473,"AkaNan0",30413126,"EUW1",34339473,"/v1/stats/player_history/EUW1/34339473",673,1902
"33477496627",8,200,8,TRUE,3107,3504,3117,1028,3108,2302,3364,0,9,10,0,0,0,586,0,0,0,0,0,8345,4734,3433,177,0,4390,3085,1126,177,2763,5,14041,0,0,59,26,20298,5774,13982,542,8975,8875,0,0,7,0,0,0,67,12,4,0,30,7,FALSE,FALSE,FALSE,FALSE,FALSE,FALSE,0,0,0,0,0,0,0,0,0,0,0,0,0,0,"EUW1",28292003,"God King Skovald",23974345,"EUW1",28292003,"/v1/stats/player_history/EUW1/28292003",3025,1902
"33477496628",9,200,9,TRUE,3009,3142,3078,3046,3031,3087,3363,9,6,4,3,1,3,472,0,0,0,0,0,265916,11823,246014,8078,1439,24358,3084,18919,2355,4145,1,9290,14525,5680,27,12,18077,4336,13483,258,16921,16433,4,0,265,1,0,1,722,18,2,0,13,3,FALSE,FALSE,FALSE,FALSE,FALSE,TRUE,0,0,0,0,0,0,0,0,0,0,0,0,0,0,"EUW1",24237289,"Kapten Salt",20894474,"EUW1",24237289,"/v1/stats/player_history/EUW1/24237289",3019,1902
"33477496629",10,200,10,TRUE,1052,3157,3165,3151,3020,1056,3340,7,6,7,2,1,2,448,0,0,0,0,0,156908,133767,22668,472,0,31359,29657,1493,208,1659,1,13099,8987,6997,20,49,17383,5757,11230,396,13910,11720,1,1,209,3,1,0,267,17,1,0,13,1,FALSE,FALSE,FALSE,FALSE,FALSE,TRUE,0,0,0,0,0,0,0,0,0,0,0,0,0,0,"EUW1",26278703,"Lôke",22409924,"EUW1",26278703,"/v1/stats/player_history/EUW1/26278703",784,1902
"33429782930",1,100,1,FALSE,1056,3022,3111,3091,1043,0,3340,5,8,4,2,1,1,585,0,0,0,0,0,77998,44326,33049,622,0,14544,10081,4173,289,562,1,13355,2126,2126,4,33,21332,10472,10576,284,8929,8200,0,0,164,0,0,0,617,14,0,0,3,0,FALSE,FALSE,FALSE,FALSE,FALSE,FALSE,0,0,0,0,0,0,0,0,0,0,0,0,0,0,"EUW1",360165,"BeckmanVsKizaru",354444,"EUW1",360165,"/v1/stats/player_history/EUW1/360165",718,1485
"33429782931",2,100,2,FALSE,3100,1082,3027,1029,1001,1029,3340,2,6,3,0,1,0,483,0,0,0,0,0,71285,50384,19748,1152,0,9747,8268,1322,156,1810,1,11093,3869,3869,9,16,16701,3523,12619,558,8197,7725,2,0,138,1,1,0,181,12,1,0,6,1,FALSE,FALSE,FALSE,FALSE,FALSE,FALSE,0,0,0,0,0,0,0,0,0,0,0,0,0,0,"EUW1",32182753,"happyBerzerk",28283133,"EUW1",32182753,"/v1/stats/player_history/EUW1/32182753",506,1485
"33429782932",3,100,3,FALSE,3117,2302,3190,2055,0,0,3364,0,3,6,0,0,0,842,0,0,0,0,0,5500,4162,1338,0,0,2821,2475,345,0,45,1,10205,520,0,56,26,10518,3640,6878,0,6287,5525,0,0,7,0,0,0,63,11,5,0,22,7,FALSE,FALSE,FALSE,FALSE,FALSE,FALSE,0,0,0,0,0,0,0,0,0,0,0,0,0,0,"EUW1",357058,"panta rhei",351336,"EUW1",357058,"/v1/stats/player_history/EUW1/357058",593,1485
"33429782933",4,100,4,FALSE,1055,2031,3009,3031,1051,3153,3363,3,4,3,2,2,1,990,1,0,0,0,0,87853,1054,86042,756,676,12588,268,11932,388,1979,3,7250,3105,1967,13,1,14050,5008,8909,132,9280,8800,0,0,200,1,1,0,27,12,0,0,7,2,FALSE,FALSE,FALSE,FALSE,FALSE,FALSE,0,0,0,0,0,0,0,0,0,0,0,0,0,0,"EUW1",21691714,"Blasphemian",19029880,"EUW1",21691714,"/v1/stats/player_history/EUW1/21691714",1211,1485
"33429782934",5,100,5,FALSE,3117,2031,1031,1409,3071,0,3341,3,8,6,2,1,1,818,0,0,0,0,0,87930,14910,65999,7021,0,8452,1792,6313,346,4487,1,22012,5504,0,26,13,26857,5925,20625,306,7884,7350,0,0,35,49,44,0,489,12,0,0,9,1,FALSE,FALSE,FALSE,FALSE,FALSE,FALSE,0,0,0,0,0,0,0,0,0,0,0,0,0,0,"EUW1",30833464,"Soegen",27027411,"EUW1",30833464,"/v1/stats/player_history/EUW1/30833464",1666,1485
"33429782935",6,200,6,TRUE,1055,3006,0,3508,3031,0,3340,1,2,14,0,1,0,1215,0,0,0,0,0,102353,0,100902,1450,470,12692,0,12692,0,1681,3,4069,14630,5473,18,4,7692,2405,5239,48,9473,8550,1,1,171,4,0,2,5,13,2,0,10,0,FALSE,FALSE,TRUE,FALSE,TRUE,FALSE,0,0,0,0,0,0,0,0,0,0,0,0,0,0,"EUW1",41808027,"Red Whale",39619524,"EUW1",41808027,"/v1/stats/player_history/EUW1/41808027",3020,1485
"33429782936",7,200,7,TRUE,3069,3190,2049,3158,0,0,3364,0,3,16,0,0,0,543,0,0,0,0,0,7822,3214,4465,141,0,3258,2367,891,0,2346,3,12768,2503,1627,28,22,10754,2698,7920,136,8217,6525,0,0,6,0,0,0,56,13,3,0,16,5,FALSE,FALSE,FALSE,TRUE,FALSE,TRUE,0,0,0,0,0,0,0,0,0,0,0,0,0,0,"EUW1",217236952,"TheDeathCookie1e",66224521,"EUW1",217236952,"/v1/stats/player_history/EUW1/217236952",3016,1485
"33429782937",8,200,8,TRUE,1409,1057,3065,3047,1031,1011,3340,6,1,15,4,1,2,963,0,0,0,0,0,74514,49110,17287,8116,0,9592,7498,1905,188,22084,1,22604,5068,648,32,44,24231,5912,17648,671,9647,9220,1,0,20,55,34,2,596,14,2,0,18,2,FALSE,FALSE,FALSE,FALSE,FALSE,FALSE,0,0,0,0,0,0,0,0,0,0,0,0,0,0,"EUW1",28537998,"Kazeel",24136128,"EUW1",28537998,"/v1/stats/player_history/EUW1/28537998",3014,1485
"33429782938",9,200,9,TRUE,3153,3031,3046,3111,0,0,3363,13,4,7,6,2,2,596,1,0,0,0,0,122138,11551,107958,2629,607,28204,2164,25025,1014,1286,1,19443,6344,369,17,32,19997,8086,11652,258,12719,11500,0,0,162,10,2,5,286,15,0,0,8,1,FALSE,FALSE,FALSE,FALSE,FALSE,TRUE,0,0,0,0,0,0,0,0,0,0,0,0,0,0,"EUW1",35512027,"Mashu",31860960,"EUW1",35512027,"/v1/stats/player_history/EUW1/35512027",691,1485
"33429782939",10,200,10,TRUE,3152,3157,3020,3135,1055,0,3340,9,3,10,5,3,2,580,2,1,0,0,0,80236,57164,21760,1311,0,16763,15098,1587,78,148,1,5202,6895,3679,7,20,10221,5374,4780,66,10718,9750,2,0,134,1,0,1,102,14,0,0,5,0,TRUE,FALSE,FALSE,TRUE,FALSE,TRUE,0,0,0,0,0,0,0,0,0,0,0,0,0,0,"EUW1",228247387,"RKS Reidoz",87978165,"EUW1",228247387,"/v1/stats/player_history/EUW1/228247387",3015,1485
"33429710870",1,100,1,FALSE,2301,1001,3116,0,0,0,3340,1,8,5,0,1,0,440,0,0,0,0,0,23249,18594,4418,236,0,10882,9809,837,236,89,1,5644,703,703,28,19,13274,5828,7352,94,6450,5550,0,0,9,0,0,0,152,10,2,0,15,1,FALSE,FALSE,FALSE,TRUE,FALSE,FALSE,0,0,0,0,0,0,0,0,0,0,0,0,0,0,"EUW1",25126837,"wellknown intêr ",21560280,"EUW1",25126837,"/v1/stats/player_history/EUW1/25126837",1647,1442
"33429710871",2,100,2,FALSE,3031,3006,3085,0,0,0,3340,2,6,5,0,1,0,548,0,0,0,0,0,66775,0,62439,4335,400,5466,0,4365,1101,1962,3,6263,1478,1476,7,9,14314,5584,8507,222,8257,7700,1,0,139,1,1,0,234,12,0,0,6,1,FALSE,FALSE,TRUE,FALSE,FALSE,FALSE,0,0,0,0,0,0,0,0,0,0,0,0,0,0,"EUW1",25338279,"tjockeko",21719203,"EUW1",25338279,"/v1/stats/player_history/EUW1/25338279",1665,1442
"33429710872",3,100,3,FALSE,1412,3078,3144,3006,0,0,3340,10,8,4,5,2,2,529,1,0,0,0,0,79081,14047,58418,6614,0,17854,6526,10495,832,3803,1,8642,2986,519,26,5,18200,5372,12496,332,9458,9258,0,0,39,47,26,2,503,11,2,0,10,2,FALSE,FALSE,FALSE,FALSE,FALSE,FALSE,0,0,0,0,0,0,0,0,0,0,0,0,0,0,"EUW1",26409296,"qweddan",65207039,"EUW1",26409296,"/v1/stats/player_history/EUW1/26409296",1301,1442
"33429710873",4,100,4,FALSE,1056,3165,3151,3158,0,0,3340,2,7,4,0,1,0,352,0,0,0,0,0,81980,70237,11238,504,0,9976,8951,520,504,504,1,7130,814,814,13,28,11174,1241,9683,250,7796,7450,0,0,127,0,0,0,95,12,0,0,9,1,FALSE,FALSE,FALSE,FALSE,FALSE,FALSE,0,0,0,0,0,0,0,0,0,0,0,0,0,0,"EUW1",211235578,"l MGnOn l",59368016,"EUW1",211235578,"/v1/stats/player_history/EUW1/211235578",3024,1442
"33429710874",5,100,5,FALSE,3144,2033,3078,3111,1043,0,3340,3,8,4,0,1,0,334,0,0,0,0,0,62765,801,58283,3679,0,7259,714,5789,754,2943,1,10623,343,343,15,9,18751,8410,10198,142,7963,7908,0,0,137,0,0,0,26,12,1,0,10,1,FALSE,FALSE,FALSE,FALSE,FALSE,FALSE,0,0,0,0,0,0,0,0,0,0,0,0,0,0,"EUW1",213467196,"ITzkillr",62032816,"EUW1",213467196,"/v1/stats/player_history/EUW1/213467196",3024,1442
"33429710875",6,200,6,TRUE,1055,3508,3006,3031,1051,0,3340,6,5,16,3,2,2,522,1,0,0,0,0,73296,0,70320,2976,456,10159,0,10159,0,2276,3,4861,11418,5593,8,2,11897,4642,6718,536,8881,8800,2,0,92,0,0,0,1,12,0,0,7,0,FALSE,FALSE,FALSE,FALSE,FALSE,TRUE,0,0,0,0,0,0,0,0,0,0,0,0,0,0,"EUW1",41808027,"Red Whale",39619524,"EUW1",41808027,"/v1/stats/player_history/EUW1/41808027",3020,1442
"33429710876",7,200,7,TRUE,3069,3158,3190,2049,0,0,3364,5,2,19,4,1,1,985,0,0,0,0,0,13744,8662,5081,0,0,6755,4966,1788,0,3771,5,13081,1306,689,14,29,10002,4568,4990,443,9189,6525,0,0,7,0,0,0,89,12,3,0,9,1,FALSE,FALSE,FALSE,FALSE,FALSE,TRUE,0,0,0,0,0,0,0,0,0,0,0,0,0,0,"EUW1",217236952,"TheDeathCookie1e",66224521,"EUW1",217236952,"/v1/stats/player_history/EUW1/217236952",3016,1442
"33429710877",8,200,8,TRUE,1409,3082,3067,3047,1011,0,3364,8,3,16,4,1,3,538,0,0,0,0,0,69637,37903,20539,11194,0,10595,7762,2067,766,18470,1,16656,8338,1215,28,45,20843,5471,14490,880,9432,6700,1,0,29,38,26,1,574,12,2,0,15,3,FALSE,FALSE,FALSE,FALSE,FALSE,TRUE,0,0,0,0,0,0,0,0,0,0,0,0,0,0,"EUW1",28537998,"Kazeel",24136128,"EUW1",28537998,"/v1/stats/player_history/EUW1/28537998",3014,1442
"33429710878",9,200,9,TRUE,3153,3031,3046,1055,3111,1011,3340,13,5,11,5,2,3,520,1,0,0,0,0,130759,11890,118594,274,471,20268,1997,17997,274,131,1,17412,5567,2832,15,24,19280,7679,10459,1141,12378,12500,0,0,168,11,0,9,128,14,0,0,9,0,FALSE,FALSE,FALSE,FALSE,FALSE,FALSE,0,0,0,0,0,0,0,0,0,0,0,0,0,0,"EUW1",35512027,"Mashu",31860960,"EUW1",35512027,"/v1/stats/player_history/EUW1/35512027",691,1442
"33429710879",10,200,10,TRUE,3152,3157,1056,1055,3009,0,3340,5,3,16,3,1,1,526,0,0,0,0,0,57424,42425,14999,0,0,13178,11711,1467,0,1571,1,6739,4142,2206,11,16,11334,3844,6878,612,8452,7300,1,0,78,0,0,0,71,13,0,0,5,2,TRUE,FALSE,FALSE,FALSE,FALSE,TRUE,0,0,0,0,0,0,0,0,0,0,0,0,0,0,"EUW1",228247387,"RKS Reidoz",87978165,"EUW1",228247387,"/v1/stats/player_history/EUW1/228247387",3015,1442
"33428886160",1,100,1,FALSE,3040,2302,2055,3504,3158,3100,3341,3,6,7,2,1,1,796,0,0,0,0,0,28988,22539,4148,2301,0,16539,13101,2419,1018,16563,5,13641,2889,153,80,25,20944,2051,18602,290,12213,12150,0,0,14,1,1,0,58,15,8,0,36,5,FALSE,FALSE,FALSE,FALSE,FALSE,FALSE,0,0,0,0,0,0,0,0,0,0,0,0,0,0,"EUW1",27299325,"ZombieStalin",23314637,"EUW1",27299325,"/v1/stats/player_history/EUW1/27299325",507,2544
"33428886161",2,100,2,FALSE,3047,3143,3071,1400,3065,1029,3340,3,9,6,3,1,1,548,0,0,0,0,0,194101,3522,174417,16162,0,20578,255,17955,2367,19699,1,50985,14069,126,32,85,50433,12428,36983,1021,13411,13875,1,0,62,102,56,13,967,17,2,0,21,1,FALSE,FALSE,FALSE,FALSE,FALSE,FALSE,0,0,0,0,0,0,0,0,0,0,0,0,0,0,"EUW1",39519553,"Ritsugamesh",36737773,"EUW1",39519553,"/v1/stats/player_history/EUW1/39519553",2095,2544
"33428886162",3,100,3,FALSE,0,3153,3047,3085,3022,3124,3363,3,9,6,2,2,1,794,1,0,0,0,0,238617,81454,142232,14929,534,28233,16016,7827,4389,6666,4,15339,9485,0,34,21,28500,3894,23690,916,14889,14375,0,0,271,38,21,0,1446,17,1,0,15,3,FALSE,FALSE,FALSE,FALSE,FALSE,FALSE,0,0,0,0,0,0,0,0,0,0,0,0,0,0,"EUW1",27043264,"John De Scone",22997884,"EUW1",27043264,"/v1/stats/player_history/EUW1/27043264",1110,2544
"33428886163",4,100,4,FALSE,3078,3031,3026,3047,3046,3142,3363,4,6,8,2,1,2,764,0,0,0,0,0,412823,22742,368871,21208,1185,41488,11156,23581,6750,6432,1,25090,7021,1770,23,36,29524,3629,24480,1414,16835,16358,0,0,271,40,36,0,1236,18,1,0,14,1,FALSE,FALSE,FALSE,FALSE,FALSE,FALSE,0,0,0,0,0,0,0,0,0,0,0,0,0,0,"EUW1",28369117,"Blvck Infinity",24000094,"EUW1",28369117,"/v1/stats/player_history/EUW1/28369117",3014,2544
"33428886164",5,100,5,FALSE,3026,3748,3047,3078,3124,1028,3340,3,9,4,0,1,0,617,0,0,0,0,0,220961,36294,182211,2455,0,14196,3384,9239,1571,3050,1,32392,5744,5744,29,31,34820,5275,28862,681,15489,15308,2,0,269,23,22,0,163,18,1,0,21,0,FALSE,FALSE,FALSE,FALSE,FALSE,FALSE,0,0,0,0,0,0,0,0,0,0,0,0,0,0,"EUW1",39831218,"Gozuki",36941406,"EUW1",39831218,"/v1/stats/player_history/EUW1/39831218",536,2544
"33428886165",6,200,6,TRUE,3006,3508,3153,3046,3036,3026,3340,5,3,20,4,1,1,1552,0,0,0,0,0,273498,1528,270142,1828,711,34959,891,34067,0,7581,2,18880,25543,8117,27,1,23313,7506,14462,1345,17223,16075,2,0,320,14,11,1,44,17,1,0,17,4,TRUE,FALSE,FALSE,TRUE,FALSE,TRUE,0,0,0,0,0,0,0,0,0,0,0,0,0,0,"EUW1",41808027,"Red Whale",39619524,"EUW1",41808027,"/v1/stats/player_history/EUW1/41808027",3020,2544
"33428886166",7,200,7,TRUE,3401,3107,3190,2045,3109,3047,3364,3,2,25,0,1,0,1152,0,0,0,0,0,39936,11474,11849,16612,0,8707,6144,1972,590,18529,6,47050,5179,1273,79,36,28441,10915,14267,3258,13323,11850,1,0,62,1,0,0,104,16,4,0,32,4,FALSE,FALSE,FALSE,TRUE,FALSE,TRUE,0,0,0,0,0,0,0,0,0,0,0,0,0,0,"EUW1",217236952,"TheDeathCookie1e",66224521,"EUW1",217236952,"/v1/stats/player_history/EUW1/217236952",3016,2544
"33428886167",8,200,8,TRUE,3109,3190,3107,3504,3047,2053,3364,2,2,23,0,1,0,1148,0,0,0,0,0,264162,17348,12683,234130,0,9832,6658,2243,930,15693,7,22969,14467,1516,41,65,21757,5352,13757,2647,13119,11525,1,1,39,49,33,6,240,17,3,0,10,8,FALSE,FALSE,FALSE,FALSE,TRUE,FALSE,0,0,0,0,0,0,0,0,0,0,0,0,0,0,"EUW1",28537998,"Kazeel",24136128,"EUW1",28537998,"/v1/stats/player_history/EUW1/28537998",3014,2544
"33428886168",9,200,9,TRUE,3142,3036,3147,3009,3812,3031,3340,23,8,11,13,2,3,952,2,0,0,0,0,324245,4092,314823,5330,1593,58163,1549,53926,2688,17684,1,45569,24222,5988,57,17,48457,13137,27296,8024,22484,22275,1,0,308,19,16,3,605,18,1,0,22,12,FALSE,FALSE,FALSE,FALSE,FALSE,TRUE,0,0,0,0,0,0,0,0,0,0,0,0,0,0,"EUW1",35512027,"Mashu",31860960,"EUW1",35512027,"/v1/stats/player_history/EUW1/35512027",691,2544
"33428886169",10,200,10,TRUE,1054,3143,3068,3047,3075,3742,3340,6,1,15,6,1,1,472,0,0,0,0,0,134144,86595,47435,114,35,15829,8592,7122,114,6134,1,63953,10389,4179,29,54,28964,11030,16176,1757,14822,13350,1,1,192,11,10,1,526,18,0,0,15,3,FALSE,FALSE,FALSE,TRUE,FALSE,TRUE,0,0,0,0,0,0,0,0,0,0,0,0,0,0,"EUW1",228247387,"RKS Reidoz",87978165,"EUW1",228247387,"/v1/stats/player_history/EUW1/228247387",3015,2544
"33404094950",1,100,1,TRUE,2055,3100,2003,3198,3108,3111,3340,2,3,2,0,1,0,623,0,0,0,0,0,113892,97919,15604,368,0,10956,10648,307,0,2333,1,10089,6417,4841,11,4,11291,6125,4479,687,9945,8950,1,0,150,23,13,2,30,15,2,0,6,1,FALSE,FALSE,FALSE,FALSE,FALSE,TRUE,0,0,0,0,0,0,0,0,0,0,0,0,0,0,"EUW1",204590300,"Nailed by Borgo",46323568,"EUW1",204590300,"/v1/stats/player_history/EUW1/204590300",1445,1573
"33404094951",2,100,2,TRUE,3111,2301,3107,3504,1029,0,3364,1,0,14,0,1,0,0,0,0,0,0,0,17477,11644,5450,382,0,4893,3815,868,209,1382,2,3951,3145,2855,28,19,7268,3303,3887,78,9320,8450,0,2,13,1,0,0,213,13,2,0,12,3,FALSE,FALSE,FALSE,FALSE,FALSE,TRUE,0,0,0,0,0,0,0,0,0,0,0,0,0,0,"EUW1",24449622,"lolsayer",21060547,"EUW1",24449622,"/v1/stats/player_history/EUW1/24449622",3014,1573
"33404094952",3,100,3,TRUE,1053,3140,3006,3085,3031,3087,3363,10,4,4,6,2,2,709,1,0,0,0,0,126027,9968,109818,6240,604,15347,1428,12330,1588,3877,2,7083,12600,7292,9,10,15463,6283,7893,1286,13469,12550,3,1,207,8,7,1,453,15,0,0,6,1,FALSE,FALSE,FALSE,FALSE,TRUE,FALSE,0,0,0,0,0,0,0,0,0,0,0,0,0,0,"EUW1",200528665,"Flairix",41118742,"EUW1",200528665,"/v1/stats/player_history/EUW1/200528665",1593,1573
"33404094953",4,100,4,TRUE,3047,3193,2031,3078,3742,1028,3340,5,6,9,3,3,2,384,1,1,0,0,0,118442,20007,98313,121,0,17020,4626,12393,0,505,1,28473,8872,8872,10,17,30964,14294,16124,545,11688,11058,4,0,161,0,0,0,129,14,1,0,7,0,FALSE,FALSE,FALSE,FALSE,FALSE,FALSE,0,0,0,0,0,0,0,0,0,0,0,0,0,0,"EUW1",26112480,"FreshDumbledog",22273336,"EUW1",26112480,"/v1/stats/player_history/EUW1/26112480",785,1573
"33404094954",5,100,5,TRUE,3071,1408,2031,3111,3156,3134,3340,11,4,6,4,2,3,485,1,0,0,0,0,136001,21794,109268,4938,0,14773,2595,11748,430,6839,1,22610,18243,1326,38,19,23961,8062,15439,459,12573,11300,0,0,23,86,46,25,741,15,1,0,17,4,TRUE,FALSE,FALSE,FALSE,FALSE,FALSE,0,0,0,0,0,0,0,0,0,0,0,0,0,0,"EUW1",42427404,"Thanh Kench",40279245,"EUW1",42427404,"/v1/stats/player_history/EUW1/42427404",1629,1573
"33404094955",6,200,6,FALSE,1055,3004,3158,3078,1036,0,3340,3,2,1,0,1,0,723,0,0,0,0,0,80911,11834,67617,1460,0,12291,3739,8265,286,987,2,4946,226,226,15,3,9218,3412,5471,335,8192,7958,0,0,149,1,1,0,176,13,1,0,10,2,FALSE,FALSE,FALSE,FALSE,FALSE,FALSE,0,0,0,0,0,0,0,0,0,0,0,0,0,0,"EUW1",41808027,"RKS MC One",39619524,"EUW1",41808027,"/v1/stats/player_history/EUW1/41808027",3020,1573
"33404094956",7,200,7,FALSE,1409,3190,3047,3211,2031,1028,3364,2,5,6,0,1,0,626,0,0,0,0,0,89337,65366,17801,6170,310,6759,5098,1473,188,6757,1,22932,1631,0,36,24,21033,5385,15087,559,8050,7700,0,0,78,31,23,0,527,13,2,0,18,2,FALSE,FALSE,FALSE,FALSE,FALSE,FALSE,0,0,0,0,0,0,0,0,0,0,0,0,0,0,"EUW1",28537998,"Kazeel",24136128,"EUW1",28537998,"/v1/stats/player_history/EUW1/28537998",3014,1573
"33404094957",8,200,8,FALSE,3116,1052,3165,1058,3020,1026,3340,10,6,2,4,2,3,553,1,0,0,0,0,131985,114338,15388,2258,0,22006,18865,1558,1582,413,1,7173,3678,3678,14,25,17014,5692,10748,574,12379,14185,2,0,195,2,2,0,545,15,0,0,9,2,FALSE,FALSE,TRUE,FALSE,FALSE,FALSE,0,0,0,0,0,0,0,0,0,0,0,0,0,0,"EUW1",35512027,"Mashu",31860960,"EUW1",35512027,"/v1/stats/player_history/EUW1/35512027",24,1573
"33404094958",9,200,9,FALSE,3147,3033,3111,0,0,0,3340,0,9,4,0,0,0,241,0,0,0,0,0,76803,9486,67317,0,0,12905,2894,10010,0,885,1,9569,725,725,23,8,16414,3704,12414,296,7460,6975,0,0,118,1,1,0,133,12,1,0,9,3,FALSE,FALSE,FALSE,FALSE,FALSE,FALSE,0,0,0,0,0,0,0,0,0,0,0,0,0,0,"EUW1",228247387,"RKS Reidoz",87978165,"EUW1",228247387,"/v1/stats/player_history/EUW1/228247387",3015,1573
"33404094959",10,200,10,FALSE,3096,3107,3117,3504,0,0,3340,1,7,6,0,1,0,369,0,0,0,0,0,13030,8516,4514,0,0,5464,4165,1298,0,5537,5,5583,219,0,23,21,13578,4919,8195,463,7069,6625,0,0,10,1,1,0,116,12,3,0,13,3,FALSE,FALSE,FALSE,FALSE,FALSE,FALSE,0,0,0,0,0,0,0,0,0,0,0,0,0,0,"EUW1",42479102,"Unknown Kudo",40380583,"EUW1",42479102,"/v1/stats/player_history/EUW1/42479102",1107,1573
"33403478080",1,100,1,FALSE,1055,3004,3158,3078,3035,1036,3340,4,8,7,2,2,1,521,1,0,0,0,0,93804,15164,78227,412,0,13814,2851,10782,180,2541,3,8329,2808,0,8,0,18619,8034,9349,1236,9812,9183,0,0,148,2,2,0,51,14,0,0,4,3,FALSE,FALSE,FALSE,FALSE,FALSE,FALSE,0,0,0,0,0,0,0,0,0,0,0,0,0,0,"EUW1",41808027,"RKS MC One",39619524,"EUW1",41808027,"/v1/stats/player_history/EUW1/41808027",3020,1816
"33403478081",2,100,2,FALSE,1409,2031,3065,3047,3105,0,3364,1,8,14,0,1,0,673,0,0,0,0,0,80456,55903,16538,8015,360,11374,9086,1975,312,9877,1,33688,2478,0,53,38,34276,14297,18086,1892,8867,8025,0,0,43,43,39,0,648,13,5,0,28,3,FALSE,FALSE,FALSE,FALSE,FALSE,FALSE,0,0,0,0,0,0,0,0,0,0,0,0,0,0,"EUW1",28537998,"Kazeel",24136128,"EUW1",28537998,"/v1/stats/player_history/EUW1/28537998",3014,1816
"33403478082",3,100,3,FALSE,3165,3158,3116,0,1058,1026,3340,4,8,4,3,1,1,486,0,0,0,0,0,145112,112545,11406,21160,0,16187,11298,672,4216,995,1,5909,2058,0,16,19,15579,10319,3833,1426,10784,9325,0,0,191,4,4,0,807,15,1,0,12,1,FALSE,FALSE,FALSE,FALSE,FALSE,FALSE,0,0,0,0,0,0,0,0,0,0,0,0,0,0,"EUW1",35512027,"Mashu",31860960,"EUW1",35512027,"/v1/stats/player_history/EUW1/35512027",24,1816
"33403478083",4,100,4,FALSE,3147,3071,3111,3035,3123,2055,3340,7,8,4,3,2,2,377,1,0,0,0,0,99689,13910,85779,0,0,19839,4485,15353,0,1973,1,11808,6331,3161,11,9,25231,12382,10825,2023,10345,11445,1,0,125,0,0,0,182,14,3,0,6,3,FALSE,FALSE,TRUE,FALSE,FALSE,FALSE,0,0,0,0,0,0,0,0,0,0,0,0,0,0,"EUW1",228247387,"RKS Reidoz",87978165,"EUW1",228247387,"/v1/stats/player_history/EUW1/228247387",3015,1816
"33403478084",5,100,5,FALSE,3401,2049,3190,3010,3117,1029,3341,5,5,8,2,1,1,674,0,0,0,0,0,16717,7737,5876,3102,0,7123,4303,2004,816,7564,5,24323,702,0,53,39,20861,8745,11014,1101,8698,7975,0,0,26,0,0,0,82,12,3,0,25,3,FALSE,FALSE,FALSE,FALSE,FALSE,FALSE,0,0,0,0,0,0,0,0,0,0,0,0,0,0,"EUW1",42479102,"Unknown Kudo",40380583,"EUW1",42479102,"/v1/stats/player_history/EUW1/42479102",1107,1816
"33403478085",6,200,6,TRUE,3031,1055,3072,3006,1036,0,3340,3,4,15,2,1,1,716,0,0,0,0,0,87973,5851,82121,0,855,18952,1132,17820,0,3048,3,8209,11068,7154,13,7,13334,5585,7305,442,10783,9300,1,0,132,0,0,0,126,14,0,0,10,1,FALSE,FALSE,FALSE,FALSE,FALSE,TRUE,0,0,0,0,0,0,0,0,0,0,0,0,0,0,"EUW1",39531175,"Myka x",36694014,"EUW1",39531175,"/v1/stats/player_history/EUW1/39531175",7,1816
"33403478086",7,200,7,TRUE,3152,3193,3027,1054,3047,1006,3340,6,6,5,3,1,2,490,0,0,0,0,0,105108,71681,23699,9726,0,15771,10805,1330,3635,6380,1,25570,4018,2518,19,83,30832,8930,18864,3036,11078,9625,1,1,154,8,7,1,590,14,1,0,14,0,FALSE,FALSE,FALSE,FALSE,TRUE,FALSE,0,0,0,0,0,0,0,0,0,0,0,0,0,0,"EUW1",186345,"Morgranth",180612,"EUW1",186345,"/v1/stats/player_history/EUW1/186345",3025,1816
"33403478087",8,200,8,TRUE,3092,3040,3165,3158,1026,0,3340,4,2,18,2,1,1,1054,0,0,0,0,0,62152,56227,5378,546,0,16981,14616,1819,546,6659,3,5447,3622,1697,34,39,12989,4510,8200,278,10705,10325,0,0,38,4,0,4,208,14,1,0,12,5,FALSE,FALSE,FALSE,FALSE,FALSE,TRUE,0,0,0,0,0,0,0,0,0,0,0,0,0,0,"EUW1",21674373,"Bobje",19012536,"EUW1",21674373,"/v1/stats/player_history/EUW1/21674373",522,1816
"33403478088",9,200,9,TRUE,3153,2031,3047,1419,3071,1036,3340,10,5,5,4,3,3,653,2,2,0,0,0,152519,1401,134356,16761,0,15468,127,12702,2639,5816,1,14039,11156,4687,22,4,21227,6559,14278,389,12915,10625,2,0,37,78,48,8,636,15,0,0,11,1,TRUE,FALSE,FALSE,FALSE,FALSE,FALSE,0,0,0,0,0,0,0,0,0,0,0,0,0,0,"EUW1",22097426,"DcTrusk",19381953,"EUW1",22097426,"/v1/stats/player_history/EUW1/22097426",979,1816
"33403478089",10,200,10,TRUE,1058,3135,3157,3146,3020,0,3364,14,4,7,7,2,2,671,2,0,0,0,0,150052,137953,11065,1034,0,27585,25024,1700,860,6608,1,10064,4708,4708,21,3,19527,9234,8915,1377,14130,12700,3,0,210,2,0,2,42,16,2,0,9,2,FALSE,FALSE,FALSE,FALSE,FALSE,TRUE,0,0,0,0,0,0,0,0,0,0,0,0,0,0,"EUW1",37719122,"Dranoxia",34240746,"EUW1",37719122,"/v1/stats/player_history/EUW1/37719122",1232,1816
"33403258290",1,100,1,FALSE,1082,3100,3152,1056,1029,3047,3340,3,6,2,0,1,0,811,0,0,0,0,0,124857,103729,20319,808,0,11545,9963,1460,122,2542,1,10824,8045,8045,5,9,18135,3618,14250,266,9352,8135,2,0,182,0,0,0,272,13,1,0,4,0,FALSE,FALSE,FALSE,FALSE,FALSE,FALSE,0,0,0,0,0,0,0,0,0,0,0,0,0,0,"EUW1",23638256,"ƒishy",20475913,"EUW1",23638256,"/v1/stats/player_history/EUW1/23638256",542,1479
"33403258291",2,100,2,FALSE,2031,1408,3047,3742,1028,1036,3364,3,8,3,2,2,1,318,1,0,0,0,0,82196,19792,55455,6948,0,6670,1793,4829,48,4414,1,15672,404,81,15,13,22208,3057,18336,814,8043,7750,1,0,26,62,44,1,697,12,3,0,9,1,FALSE,FALSE,FALSE,FALSE,FALSE,FALSE,0,0,0,0,0,0,0,0,0,0,0,0,0,0,"EUW1",24262849,"IS16cf3406f6db05",20915324,"EUW1",24262849,"/v1/stats/player_history/EUW1/24262849",3015,1479
"33403258292",3,100,3,FALSE,3097,3117,3109,0,1029,2049,3364,0,5,5,0,0,0,383,0,0,0,0,0,14191,7864,4470,1856,0,5319,4043,1276,0,837,3,13675,2450,161,45,41,13974,2999,10596,378,5817,5725,0,0,28,0,0,0,126,10,3,0,20,4,FALSE,FALSE,FALSE,FALSE,FALSE,FALSE,0,0,0,0,0,0,0,0,0,0,0,0,0,0,"EUW1",203643155,"Ryack",44904586,"EUW1",203643155,"/v1/stats/player_history/EUW1/203643155",936,1479
"33403258293",4,100,4,FALSE,1055,3085,3031,2010,1001,1029,3340,1,5,5,0,1,0,483,0,0,0,0,0,63982,0,59475,4506,440,6555,0,4805,1750,2653,3,4070,793,793,8,13,11616,2762,8402,450,8001,7300,0,0,143,4,2,0,201,12,0,0,7,0,FALSE,FALSE,FALSE,FALSE,FALSE,FALSE,0,0,0,0,0,0,0,0,0,0,0,0,0,0,"EUW1",201314197,"Superpsy2",42165398,"EUW1",201314197,"/v1/stats/player_history/EUW1/201314197",3017,1479
"33403258294",5,100,5,FALSE,1054,3071,3047,2055,1031,1011,3340,2,4,1,0,1,0,694,0,0,0,0,0,53416,2705,50711,0,208,8854,728,8125,0,515,1,7418,2611,1956,17,24,14405,3084,10784,537,7411,6650,1,0,104,0,0,0,332,11,2,0,8,1,FALSE,FALSE,FALSE,FALSE,FALSE,FALSE,0,0,0,0,0,0,0,0,0,0,0,0,0,0,"EUW1",202441169,"C I D Archer",43979453,"EUW1",202441169,"/v1/stats/player_history/EUW1/202441169",920,1479
"33403258295",6,200,6,TRUE,1055,3508,3006,3046,1036,1036,3340,6,1,15,4,1,2,991,0,0,0,0,0,101117,704,96652,3760,453,14600,301,14292,7,3274,3,4870,21522,9157,16,1,8942,2596,6032,314,10482,8375,3,2,119,7,6,0,8,12,1,0,9,3,TRUE,FALSE,FALSE,TRUE,TRUE,FALSE,0,0,0,0,0,0,0,0,0,0,0,0,0,0,"EUW1",41808027,"RKS MC One",39619524,"EUW1",41808027,"/v1/stats/player_history/EUW1/41808027",3020,1479
"33403258296",7,200,7,TRUE,3105,3504,3107,2049,1001,0,3364,0,3,22,0,0,0,629,0,0,0,0,0,194107,6480,3530,184096,0,5839,3650,1214,974,5795,12,6846,4849,1607,32,39,11705,3704,7555,445,8129,7250,1,0,5,38,22,10,113,13,2,0,14,1,FALSE,FALSE,FALSE,FALSE,FALSE,TRUE,0,0,0,0,0,0,0,0,0,0,0,0,0,0,"EUW1",28537998,"Kazeel",24136128,"EUW1",28537998,"/v1/stats/player_history/EUW1/28537998",3014,1479
"33403258297",8,200,8,TRUE,3142,3036,3147,3117,3134,1038,3340,15,3,5,9,3,3,965,3,2,0,0,0,188309,1298,182203,4807,742,24077,246,22759,1071,1776,1,8459,13474,8280,12,5,14342,3702,10085,555,15358,13100,3,0,268,3,2,0,425,16,0,0,8,1,FALSE,FALSE,FALSE,TRUE,FALSE,FALSE,0,0,0,0,0,0,0,0,0,0,0,0,0,0,"EUW1",35512027,"Mashu",31860960,"EUW1",35512027,"/v1/stats/player_history/EUW1/35512027",24,1479
"33403258298",9,200,9,TRUE,3047,2031,3068,3075,3067,0,3340,6,0,13,6,1,1,0,0,0,0,0,0,72301,39930,25751,6619,32,10520,5084,5042,394,941,1,28290,11334,2379,8,41,13246,3270,9644,332,9772,7850,0,0,99,16,8,0,401,13,0,0,7,0,FALSE,FALSE,FALSE,TRUE,FALSE,TRUE,0,0,0,0,0,0,0,0,0,0,0,0,0,0,"EUW1",228247387,"RKS Reidoz",87978165,"EUW1",228247387,"/v1/stats/player_history/EUW1/228247387",3015,1479
"33403258299",10,200,10,TRUE,2302,3504,3117,3109,0,0,3340,1,2,19,0,1,0,973,0,0,0,0,0,20651,11329,7523,1798,0,7448,5510,1938,0,7275,5,12647,5141,942,21,40,13958,4347,9337,274,8620,7700,0,0,17,0,0,0,91,12,2,0,10,2,FALSE,FALSE,FALSE,TRUE,FALSE,TRUE,0,0,0,0,0,0,0,0,0,0,0,0,0,0,"EUW1",42479102,"Unknown Kudo",40380583,"EUW1",42479102,"/v1/stats/player_history/EUW1/42479102",1107,1479
"33291467920",1,100,1,TRUE,1056,3165,1052,3020,2003,0,3340,2,6,6,0,1,0,373,0,0,0,0,0,61695,54153,7193,348,0,6591,6077,514,0,628,1,3228,2520,2520,6,14,10025,6427,3322,275,6948,5135,0,1,90,9,6,3,285,11,0,0,5,0,FALSE,FALSE,FALSE,FALSE,TRUE,FALSE,0,0,0,0,0,0,0,0,0,0,0,0,0,0,"EUW1",29743291,"Vîrax",25282194,"EUW1",29743291,"/v1/stats/player_history/EUW1/29743291",1665,1258
"33291467921",2,100,2,TRUE,1400,2031,3047,3071,0,0,3340,5,6,13,2,1,2,344,0,0,0,0,0,93309,716,85648,6945,0,10656,0,10048,608,5185,1,10701,4547,2228,10,13,19050,6540,11947,562,8755,6875,0,0,29,63,45,1,339,12,0,0,8,0,FALSE,FALSE,FALSE,FALSE,FALSE,TRUE,0,0,0,0,0,0,0,0,0,0,0,0,0,0,"EUW1",29068148,"LeerooooyJenkins",24588388,"EUW1",29068148,"/v1/stats/player_history/EUW1/29068148",750,1258
"33291467922",3,100,3,TRUE,3006,1055,3087,0,3031,3094,3363,16,2,4,9,3,2,861,5,1,0,0,0,83472,20354,61196,1920,454,17778,2006,15663,108,3373,3,5537,11703,3127,10,4,12146,3773,8155,218,11686,10525,1,0,130,4,0,1,156,12,1,0,6,0,FALSE,FALSE,TRUE,FALSE,FALSE,FALSE,0,0,0,0,0,0,0,0,0,0,0,0,0,0,"EUW1",31611867,"Shut úp Mimsy",27798449,"EUW1",31611867,"/v1/stats/player_history/EUW1/31611867",2095,1258
"33291467923",4,100,4,TRUE,3151,2033,3165,3020,1056,0,3340,10,3,1,5,3,3,640,4,1,0,0,0,69641,49301,17838,2501,0,15859,12977,1676,1206,685,1,4810,5024,5024,13,24,9649,2185,7357,106,9717,8175,2,0,127,2,1,1,445,13,1,0,4,2,FALSE,FALSE,FALSE,FALSE,FALSE,TRUE,0,0,0,0,0,0,0,0,0,0,0,0,0,0,"EUW1",29182197,"ErsterWeltCrank",24681506,"EUW1",29182197,"/v1/stats/player_history/EUW1/29182197",988,1258
"33291467924",5,100,5,TRUE,3109,3401,2049,3114,3009,0,3364,1,1,19,0,1,0,827,0,0,0,0,0,25306,9639,10205,5461,0,6538,4234,2304,0,5471,5,12041,4129,1775,20,30,10174,2835,7215,124,7734,7450,0,0,33,1,0,0,63,11,4,0,10,1,FALSE,FALSE,FALSE,TRUE,FALSE,TRUE,0,0,0,0,0,0,0,0,0,0,0,0,0,0,"EUW1",40572991,"odusseus3",37970162,"EUW1",40572991,"/v1/stats/player_history/EUW1/40572991",2095,1258
"33291467925",6,200,6,FALSE,1056,3086,3142,2015,3047,0,3340,5,6,4,3,1,1,336,0,0,0,0,0,56703,4179,52523,0,375,10339,143,10196,0,1151,3,3615,621,530,5,11,9777,4600,5051,126,6907,6500,0,0,99,3,1,0,181,10,0,0,4,1,FALSE,FALSE,FALSE,FALSE,FALSE,FALSE,0,0,0,0,0,0,0,0,0,0,0,0,0,0,"EUW1",41808027,"RKS MC One",39619524,"EUW1",41808027,"/v1/stats/player_history/EUW1/41808027",3013,1258
"33291467926",7,200,7,FALSE,3401,3111,1006,1028,2055,0,3340,1,6,10,0,1,0,400,0,0,0,0,0,12400,4596,3966,3837,0,3458,2611,847,0,1949,5,10784,0,0,11,23,15712,4932,10490,290,5101,4350,0,0,23,0,0,0,197,9,2,0,5,1,FALSE,FALSE,FALSE,FALSE,FALSE,FALSE,0,0,0,0,0,0,0,0,0,0,0,0,0,0,"EUW1",34795450,"Zaphen",30978676,"EUW1",34795450,"/v1/stats/player_history/EUW1/34795450",1382,1258
"33291467927",8,200,8,FALSE,1402,3157,1001,2031,0,0,3340,3,7,6,0,1,0,369,0,0,0,0,0,63880,52549,7295,4035,0,7964,7067,375,521,11659,1,8386,364,0,13,60,23690,7361,16263,66,6379,6050,0,0,24,41,24,0,322,10,1,0,9,2,TRUE,FALSE,FALSE,FALSE,FALSE,FALSE,0,0,0,0,0,0,0,0,0,0,0,0,0,0,"EUW1",28537998,"Kazeel",24136128,"EUW1",28537998,"/v1/stats/player_history/EUW1/28537998",3014,1258
"33291467928",9,200,9,FALSE,1056,3165,1026,3020,1028,1052,3340,4,9,8,2,1,1,299,0,0,0,0,0,62045,51443,10063,538,0,12132,10163,1430,538,373,1,8063,550,455,9,15,13611,3903,9175,532,7148,6685,0,0,112,3,3,0,861,11,0,0,7,0,FALSE,FALSE,FALSE,FALSE,FALSE,FALSE,0,0,0,0,0,0,0,0,0,0,0,0,0,0,"EUW1",35512027,"Mashu",31860960,"EUW1",35512027,"/v1/stats/player_history/EUW1/35512027",24,1258
"33291467929",10,200,10,FALSE,3111,2033,3156,1028,1029,1029,3340,5,6,7,2,1,2,525,0,0,0,0,0,38855,4324,33513,1018,0,8128,1449,6453,226,296,1,14265,0,0,10,17,14788,6781,7099,908,6744,5850,0,0,71,7,6,0,363,10,0,0,6,1,FALSE,FALSE,FALSE,FALSE,FALSE,FALSE,0,0,0,0,0,0,0,0,0,0,0,0,0,0,"EUW1",228247387,"RKS Reidoz",87978165,"EUW1",228247387,"/v1/stats/player_history/EUW1/228247387",3015,1258
"33264393860",1,100,1,FALSE,3301,3107,3117,2049,3504,3105,3364,0,9,12,0,0,0,501,0,0,0,0,0,11610,10060,1550,0,0,2942,2314,628,0,18808,5,6132,705,604,29,35,16972,3144,13525,302,8157,8150,0,0,7,0,0,0,255,12,3,0,20,0,FALSE,FALSE,FALSE,FALSE,FALSE,FALSE,0,0,0,0,0,0,0,0,0,0,0,0,0,0,"EUW1",220573626,"BlueeeMoon",71539761,"EUW1",220573626,"/v1/stats/player_history/EUW1/220573626",3017,1785
"33264393861",2,100,2,FALSE,1055,3031,3087,3006,3094,3072,3363,13,7,1,6,2,3,804,3,0,0,0,0,201276,69278,131654,344,676,28873,5964,22816,92,2623,2,12194,16797,6402,20,3,28578,4346,23953,278,14759,13950,3,0,234,27,16,0,97,15,0,0,7,2,FALSE,FALSE,TRUE,FALSE,FALSE,FALSE,0,0,0,0,0,0,0,0,0,0,0,0,0,0,"EUW1",211890430,"wtfiskite",60747886,"EUW1",211890430,"/v1/stats/player_history/EUW1/211890430",1459,1785
"33264393862",3,100,3,FALSE,3047,1409,3748,3144,1043,0,3364,3,6,4,3,1,1,761,0,0,0,0,0,131350,39130,79972,12248,0,8956,4236,4306,414,13164,1,15275,9989,1344,37,21,33388,6066,26468,852,10153,9600,1,0,40,85,41,19,581,13,0,0,16,4,FALSE,FALSE,FALSE,FALSE,FALSE,FALSE,0,0,0,0,0,0,0,0,0,0,0,0,0,0,"EUW1",31279846,"DnuKnO",27488700,"EUW1",31279846,"/v1/stats/player_history/EUW1/31279846",539,1785
"33264393863",4,100,4,FALSE,3078,3047,1029,1029,3153,0,3364,0,7,5,0,0,0,402,0,0,0,0,0,88591,2270,76959,9360,0,12646,1928,8421,2295,8820,1,20815,2106,1949,9,24,32199,5136,26377,685,9351,9408,0,0,164,3,0,1,49,13,1,0,4,2,FALSE,FALSE,FALSE,FALSE,FALSE,FALSE,0,0,0,0,0,0,0,0,0,0,0,0,0,0,"EUN1",33767908,"Noorden",33696811,"EUW1",37128480,"/v1/stats/player_history/EUN1/33767908",660,1785
"33264393864",5,100,5,FALSE,3026,3117,3142,0,3147,0,3363,4,6,3,4,2,1,892,1,0,0,0,0,93604,5424,84439,3740,0,12170,1600,10278,292,692,1,8335,9630,2233,20,6,17501,1916,15336,248,9641,9800,1,0,154,0,0,0,128,13,2,0,12,3,FALSE,FALSE,FALSE,FALSE,FALSE,FALSE,0,0,0,0,0,0,0,0,0,0,0,0,0,0,"EUW1",26304565,"SapIing",22420126,"EUW1",26304565,"/v1/stats/player_history/EUW1/26304565",3015,1785
"33264393865",6,200,6,TRUE,3087,3508,3006,3035,1036,0,3340,2,5,8,2,1,1,660,0,0,0,0,0,124536,6786,117661,88,403,16623,1184,15351,88,4243,4,7998,6880,4067,12,0,14597,3961,10358,278,10728,9250,1,1,196,1,1,0,7,14,0,0,8,1,FALSE,FALSE,FALSE,FALSE,FALSE,TRUE,0,0,0,0,0,0,0,0,0,0,0,0,0,0,"EUW1",41808027,"RKS MC One",39619524,"EUW1",41808027,"/v1/stats/player_history/EUW1/41808027",3013,1785
"33264393866",7,200,7,TRUE,3190,2049,3107,2053,3047,3504,3340,2,4,23,0,1,0,803,0,0,0,0,0,210304,13468,7462,189373,0,7485,5327,1325,833,6843,6,13702,7481,1964,47,43,16409,3068,12871,470,10796,10200,2,0,20,40,32,1,102,15,4,0,24,4,FALSE,FALSE,FALSE,FALSE,FALSE,TRUE,0,0,0,0,0,0,0,0,0,0,0,0,0,0,"EUW1",28537998,"Kazeel",24136128,"EUW1",28537998,"/v1/stats/player_history/EUW1/28537998",3014,1785
"33264393867",8,200,8,TRUE,3401,2049,3117,3504,3109,0,3364,3,4,20,2,1,1,357,0,0,0,0,0,34404,14765,10629,9009,0,8420,5442,2963,14,12765,5,23500,4903,1992,40,31,12296,2462,9642,191,10309,8850,0,0,51,1,0,1,101,14,2,0,20,3,FALSE,FALSE,FALSE,FALSE,FALSE,TRUE,0,0,0,0,0,0,0,0,0,0,0,0,0,0,"EUW1",205564003,"RKS FlashD",48910863,"EUW1",205564003,"/v1/stats/player_history/EUW1/205564003",1637,1785
"33264393868",9,200,9,TRUE,3142,3814,3147,3047,3033,3026,3340,24,4,8,12,3,3,945,4,1,0,0,0,184509,2701,179292,2516,889,49234,1068,46734,1432,5502,1,20634,13140,7959,37,9,24773,4760,18874,1137,18367,17175,3,0,225,7,4,3,346,17,1,0,13,4,FALSE,FALSE,FALSE,FALSE,FALSE,TRUE,0,0,0,0,0,0,0,0,0,0,0,0,0,0,"EUW1",35512027,"Mashu",31860960,"EUW1",35512027,"/v1/stats/player_history/EUW1/35512027",24,1785
"33264393869",10,200,10,TRUE,1054,3748,3047,3068,3076,1028,3340,4,3,10,3,1,1,965,0,0,0,0,0,85456,15518,68658,1279,13,14479,5243,9235,0,1454,1,21806,8068,2904,13,33,16725,3726,11981,1017,10580,9600,2,1,143,6,6,0,182,15,0,0,9,1,TRUE,FALSE,FALSE,FALSE,TRUE,FALSE,0,0,0,0,0,0,0,0,0,0,0,0,0,0,"EUW1",228247387,"RKS Reidoz",87978165,"EUW1",228247387,"/v1/stats/player_history/EUW1/228247387",3015,1785
"33263735270",1,100,1,TRUE,3157,3027,3070,3020,1056,2010,3363,4,1,15,4,2,1,602,1,0,0,0,0,102838,92369,8884,1584,0,13221,11606,1614,0,6826,3,4273,4084,1556,25,19,9634,4090,4950,593,10422,8300,1,1,164,1,1,0,374,15,2,0,13,1,FALSE,FALSE,FALSE,FALSE,TRUE,FALSE,0,0,0,0,0,0,0,0,0,0,0,0,0,0,"EUW1",23724921,"AutoFiled Veigar",20532793,"EUW1",23724921,"/v1/stats/player_history/EUW1/23724921",3025,1695
"33263735271",2,100,2,TRUE,1400,2031,1001,3147,3812,0,3340,5,1,7,4,1,1,1311,0,0,0,0,0,172430,5613,156347,10470,0,14435,2302,11466,666,10438,1,12253,10270,4627,29,5,23711,4645,18124,942,11718,9775,0,0,60,104,66,2,449,15,2,0,13,5,TRUE,FALSE,FALSE,FALSE,FALSE,FALSE,0,0,0,0,0,0,0,0,0,0,0,0,0,0,"EUW1",38744065,"Yskat",35469616,"EUW1",38744065,"/v1/stats/player_history/EUW1/38744065",3015,1695
"33263735272",3,100,3,TRUE,3508,3111,3085,1037,0,0,3363,2,3,11,0,1,0,589,0,0,0,0,0,97747,0,97747,0,432,9550,0,9550,0,1061,2,3148,9884,5912,5,7,8050,3120,4712,217,9980,8125,1,0,160,9,1,0,7,13,0,0,4,1,FALSE,FALSE,FALSE,FALSE,FALSE,TRUE,0,0,0,0,0,0,0,0,0,0,0,0,0,0,"EUW1",223459141,"waldhundi",77449490,"EUW1",223459141,"/v1/stats/player_history/EUW1/223459141",3017,1695
"33263735273",4,100,4,TRUE,1055,3046,3111,3031,3026,1053,3363,11,2,6,10,3,1,1260,2,1,0,0,0,184054,17554,165572,928,667,15666,1750,13788,128,686,1,15690,11100,6902,26,21,12642,2499,10103,40,13882,11250,2,0,213,34,11,12,240,16,2,0,13,1,FALSE,FALSE,FALSE,FALSE,FALSE,TRUE,0,0,0,0,0,0,0,0,0,0,0,0,0,0,"EUW1",224945640,"paulredbull",80509050,"EUW1",224945640,"/v1/stats/player_history/EUW1/224945640",913,1695
"33263735274",5,100,5,TRUE,3092,2049,3020,3108,1052,3802,3341,3,5,8,3,1,1,654,0,0,0,0,0,33197,25261,3500,4435,0,15910,13162,781,1967,385,1,4667,4781,2178,49,30,12150,5512,6448,188,8780,6910,2,0,13,0,0,0,225,12,3,0,21,3,FALSE,FALSE,FALSE,FALSE,FALSE,TRUE,0,0,0,0,0,0,0,0,0,0,0,0,0,0,"EUW1",25248251,"Skytos Winirion",21653819,"EUW1",25248251,"/v1/stats/player_history/EUW1/25248251",548,1695
"33263735275",6,200,6,FALSE,1056,3094,3142,3009,1038,0,3340,4,3,5,2,1,2,1311,0,0,0,0,0,99216,7367,91849,0,996,9861,164,9696,0,1866,2,4689,5184,1532,15,16,11369,4315,6590,464,9004,8200,1,0,161,0,0,0,231,12,0,0,9,3,FALSE,FALSE,TRUE,FALSE,FALSE,FALSE,0,0,0,0,0,0,0,0,0,0,0,0,0,0,"EUW1",41808027,"RKS MC One",39619524,"EUW1",41808027,"/v1/stats/player_history/EUW1/41808027",3013,1695
"33263735276",7,200,7,FALSE,2053,0,3107,3504,3047,1039,3364,1,5,4,0,1,0,995,0,0,0,0,0,246261,8422,5761,232076,0,5778,2972,1293,1512,5408,1,13350,3255,52,32,31,17518,4305,11870,1343,7562,7125,0,0,26,46,40,2,147,12,3,0,11,6,FALSE,FALSE,FALSE,FALSE,FALSE,FALSE,0,0,0,0,0,0,0,0,0,0,0,0,0,0,"EUW1",28537998,"Kazeel",24136128,"EUW1",28537998,"/v1/stats/player_history/EUW1/28537998",3014,1695
"33263735277",8,200,8,FALSE,3092,2049,3117,3024,1029,2055,3364,0,6,7,0,0,0,569,0,0,0,0,0,18608,14705,3903,0,0,4851,3724,1126,0,2991,4,7258,847,847,39,18,15637,8381,6905,351,6992,6875,0,0,21,0,0,0,165,11,5,0,17,4,FALSE,FALSE,FALSE,TRUE,FALSE,FALSE,0,0,0,0,0,0,0,0,0,0,0,0,0,0,"EUW1",205564003,"RKS FlashD",48910863,"EUW1",205564003,"/v1/stats/player_history/EUW1/205564003",1637,1695
"33263735278",9,200,9,FALSE,3146,3100,3020,1056,1029,0,3340,5,7,2,5,2,1,588,1,0,0,0,0,102397,83737,17720,939,0,11036,9007,1825,203,3324,1,7705,1929,1589,22,13,18235,6570,11321,342,9253,9110,0,0,183,0,0,0,299,13,1,0,13,3,FALSE,FALSE,FALSE,FALSE,FALSE,FALSE,0,0,0,0,0,0,0,0,0,0,0,0,0,0,"EUW1",35512027,"Mashu",31860960,"EUW1",35512027,"/v1/stats/player_history/EUW1/35512027",24,1695
"33263735279",10,200,10,FALSE,3075,3077,3047,3052,1029,1028,3340,2,4,1,0,1,0,456,0,0,0,0,0,49460,19952,29095,413,47,3892,2005,1870,15,1358,1,19728,0,0,13,20,16211,5631,10319,260,7563,7600,0,0,127,1,1,0,202,13,0,0,7,2,FALSE,FALSE,FALSE,FALSE,FALSE,FALSE,0,0,0,0,0,0,0,0,0,0,0,0,0,0,"EUW1",228247387,"RKS Reidoz",87978165,"EUW1",228247387,"/v1/stats/player_history/EUW1/228247387",3015,1695
"33263247360",1,100,1,TRUE,1056,3009,3142,3094,3034,3035,3340,8,1,10,7,2,1,699,1,0,0,0,0,133439,10714,121444,1279,1310,11692,470,11221,0,2651,2,3942,20841,9053,14,23,7643,4233,3410,0,11869,9275,5,0,182,6,6,0,275,15,1,0,9,2,FALSE,FALSE,FALSE,FALSE,FALSE,TRUE,0,0,0,0,0,0,0,0,0,0,0,0,0,0,"EUW1",41808027,"RKS MC One",39619524,"EUW1",41808027,"/v1/stats/player_history/EUW1/41808027",3013,1747
"33263247361",2,100,2,TRUE,0,2031,3107,3047,3504,3105,3364,4,2,18,3,1,1,660,0,0,0,0,0,310812,10558,8730,291523,0,6855,3790,1746,1317,8713,7,8261,9541,4286,37,40,9268,5319,3949,0,11105,7325,0,1,19,60,43,7,156,15,3,0,11,4,FALSE,FALSE,FALSE,FALSE,TRUE,FALSE,0,0,0,0,0,0,0,0,0,0,0,0,0,0,"EUW1",28537998,"Kazeel",24136128,"EUW1",28537998,"/v1/stats/player_history/EUW1/28537998",3014,1747
"33263247362",3,100,3,TRUE,2045,3092,3117,3024,1029,2055,3364,1,2,17,0,1,0,727,0,0,0,0,0,27029,21083,5946,0,0,8553,7000,1552,0,3369,4,5456,6339,2735,47,28,10368,5408,4891,68,8761,6350,2,0,17,0,0,0,192,14,4,0,20,4,FALSE,FALSE,FALSE,FALSE,FALSE,TRUE,0,0,0,0,0,0,0,0,0,0,0,0,0,0,"EUW1",205564003,"RKS FlashD",48910863,"EUW1",205564003,"/v1/stats/player_history/EUW1/205564003",1637,1747
"33263247363",4,100,4,TRUE,3142,3147,3117,3134,1038,3036,3340,22,5,12,14,2,2,846,4,0,0,0,0,178351,2181,173353,2816,1029,42361,523,40126,1712,5588,1,14254,6214,5343,29,13,25572,14231,10864,476,16143,12775,2,1,213,5,1,4,441,17,1,0,14,1,TRUE,FALSE,FALSE,FALSE,FALSE,TRUE,0,0,0,0,0,0,0,0,0,0,0,0,0,0,"EUW1",35512027,"Mashu",31860960,"EUW1",35512027,"/v1/stats/player_history/EUW1/35512027",24,1747
"33263247364",5,100,5,TRUE,3068,2031,3047,1054,3211,1033,3340,2,0,10,2,1,1,0,0,0,0,0,0,64441,39623,24818,0,0,5843,2838,3005,0,1270,1,21555,5219,2501,15,24,15465,8194,7087,182,9940,6375,0,0,143,1,0,0,130,15,1,0,12,0,FALSE,FALSE,FALSE,FALSE,FALSE,TRUE,0,0,0,0,0,0,0,0,0,0,0,0,0,0,"EUW1",228247387,"RKS Reidoz",87978165,"EUW1",228247387,"/v1/stats/player_history/EUW1/228247387",3015,1747
"33263247365",6,200,6,FALSE,3143,3373,3047,2033,0,0,3340,3,5,1,0,1,0,804,0,0,0,0,0,88755,52275,36480,0,0,10849,7893,2955,0,292,1,30341,1794,497,18,40,19180,4011,14058,1110,9157,8550,0,0,182,1,1,0,677,14,2,0,12,0,FALSE,FALSE,FALSE,FALSE,FALSE,FALSE,0,0,0,0,0,0,0,0,0,0,0,0,0,0,"EUW1",23724921,"AutoFiled Veigar",20532793,"EUW1",23724921,"/v1/stats/player_history/EUW1/23724921",3025,1747
"33263247366",7,200,7,FALSE,1055,1037,3042,3078,1053,3111,3340,3,7,1,2,1,1,729,0,0,0,0,0,108175,15880,92294,0,0,10105,2697,7408,0,1299,3,4448,2885,1549,18,0,15651,2105,13203,342,10150,9808,1,0,222,3,3,0,1,13,2,0,9,1,FALSE,FALSE,FALSE,FALSE,FALSE,FALSE,0,0,0,0,0,0,0,0,0,0,0,0,0,0,"EUW1",38744065,"Yskat",35469616,"EUW1",38744065,"/v1/stats/player_history/EUW1/38744065",3015,1747
"33263247367",8,200,8,FALSE,3077,1416,3022,0,0,3047,3364,0,9,2,0,0,0,384,0,0,0,0,0,127340,59288,53639,14412,0,4851,2496,1628,726,6988,1,20610,27750,0,22,4,30731,5214,24901,615,8290,8325,1,0,14,94,58,7,384,12,2,0,6,5,FALSE,FALSE,FALSE,FALSE,FALSE,FALSE,0,0,0,0,0,0,0,0,0,0,0,0,0,0,"EUW1",221587994,"Aurnionº",73086936,"EUW1",221587994,"/v1/stats/player_history/EUW1/221587994",1211,1747
"33263247368",9,200,9,FALSE,3157,3115,3020,1058,1026,0,3340,4,14,1,2,1,1,153,0,0,0,0,0,109299,94875,14423,0,0,14295,12931,1364,0,509,1,18462,3207,3207,10,4,22095,3649,17733,711,9937,9950,1,0,183,0,0,0,53,14,0,0,7,1,FALSE,FALSE,TRUE,FALSE,FALSE,FALSE,0,0,0,0,0,0,0,0,0,0,0,0,0,0,"EUW1",38284635,"ColverOhio",35198819,"EUW1",38284635,"/v1/stats/player_history/EUW1/38284635",2095,1747
"33263247369",10,200,10,FALSE,2301,1052,3116,2010,1028,1001,3364,0,2,4,0,0,0,1022,0,0,0,0,0,51783,48027,3756,0,0,9933,9465,468,0,571,2,2466,271,271,54,35,7675,1525,5899,250,7176,6870,0,0,40,6,6,0,404,12,2,0,19,5,FALSE,FALSE,FALSE,FALSE,FALSE,FALSE,0,0,0,0,0,0,0,0,0,0,0,0,0,0,"NA",32339893,"ShY TiT4N",43749932,"EUW1",202730734,"/v1/stats/player_history/NA/32339893",2076,1747
